{
  "seed": 3,
  "steps": 189,
  "score": 23,
  "alive": false,
  "total_reward": 103.34999999999955,
  "final_bayes": {
    "trap_rate_mean": 0.010471204188481676,
    "death_rate_mean": 0.9947643979057592
  }
}