{
  "seed": 1,
  "steps": 279,
  "score": 32,
  "alive": false,
  "total_reward": 147.54000000000013,
  "final_bayes": {
    "trap_rate_mean": 0.010676156583629894,
    "death_rate_mean": 0.99644128113879
  }
}