{
  "seed": 2,
  "steps": 260,
  "score": 25,
  "alive": false,
  "total_reward": 112.6599999999993,
  "final_bayes": {
    "trap_rate_mean": 0.011450381679389313,
    "death_rate_mean": 0.9961832061068703
  }
}